{"cameraMode":{"drawMode":0,"name":"Shaded","section":"Shading Mode"},"sceneLighting":false,"audioPlay":false,"sceneViewState":{"m_AlwaysRefresh":false,"showFog":true,"showSkybox":false,"showFlares":true,"showImageEffects":true,"showParticleSystems":true,"showVisualEffectGraphs":true,"m_FxEnabled":true},"in2DMode":false,"pivot":{"x":3.630000114440918,"y":1.7100000381469727,"z":-6.28000020980835},"rotation":{"x":0.3530760407447815,"y":0.014033867977559567,"z":-0.005295991897583008,"w":0.9354773163795471},"size":1.0904431343078614,"orthographic":false}