{"cameraMode":{"drawMode":0,"name":"Shaded","section":"Shading Mode"},"sceneLighting":false,"audioPlay":false,"sceneViewState":{"m_AlwaysRefresh":false,"showFog":true,"showSkybox":false,"showFlares":true,"showImageEffects":true,"showParticleSystems":true,"showVisualEffectGraphs":true,"m_FxEnabled":true},"in2DMode":false,"pivot":{"x":4.1740946769714359,"y":3.0299999713897707,"z":11.339632034301758},"rotation":{"x":0.34890028834342959,"y":0.0028121445793658497,"z":-0.0010461091296747327,"w":0.9371570348739624},"size":0.8660253882408142,"orthographic":false}