{"cameraMode":{"drawMode":0,"name":"Shaded","section":"Shading Mode"},"sceneLighting":true,"audioPlay":false,"sceneViewState":{"m_AlwaysRefresh":false,"showFog":true,"showSkybox":true,"showFlares":true,"showImageEffects":true,"showParticleSystems":true,"showVisualEffectGraphs":true,"m_FxEnabled":true},"in2DMode":false,"pivot":{"x":1.964281678199768,"y":4.951269149780273,"z":-0.5085773468017578},"rotation":{"x":0.2341356724500656,"y":0.023330911993980409,"z":-0.005619805306196213,"w":0.9719106554985046},"size":12.103046417236329,"orthographic":false}